,release_year,duration
0,2019,90
1,2016,94
4,2017,99
6,2014,110
7,2017,60
9,2014,90
10,2017,78
11,2015,95
12,2009,58
13,2013,62
14,2016,65
15,2012,61
16,2017,65
17,2010,58
18,2013,60
19,2015,135
20,2014,98
21,2015,96
22,2015,79
23,2014,113
24,2015,90
25,2015,80
27,2018,77
29,2011,112
30,2018,106
31,2018,106
32,2018,102
33,2016,114
35,2019,125
36,2018,142
37,2018,133
38,2019,100
40,2015,86
41,2014,146
42,2015,79
43,2015,102
44,2019,10
45,2012,122
46,2009,126
47,2014,116
48,2016,135
49,2009,125
50,2004,96
51,2011,130
52,2016,98
53,2017,70
55,2016,128
56,2017,88
57,2019,108
58,2019,93
59,2018,135
60,2015,88
62,2019,64
65,2012,107
71,2017,130
73,2016,92
75,2018,96
76,2010,112
77,2018,111
78,2017,103
79,2017,40
81,2017,103
82,2017,85
85,2015,72
86,2019,45
87,2019,89
88,2019,90
89,2012,126
90,2018,130
91,2018,126
92,2018,24
94,2015,127
95,2018,108
96,2013,163
97,2018,117
98,2016,106
100,2018,102
102,2019,116
104,2019,42
106,2016,95
107,2015,104
108,2000,75
109,2019,133
110,2013,108
112,2018,103
113,2017,82
114,2016,94
115,2014,100
116,2019,38
117,2019,97
118,2016,89
119,2019,146
120,2019,146
121,2016,130
122,2018,110
123,2017,81
124,2016,91
125,2019,106
126,2019,58
127,2017,111
128,2014,112
129,2017,102
130,2019,152
132,2018,87
133,2016,99
134,2016,78
136,2009,121
137,2013,91
138,2018,101
139,2017,101
140,2016,119
141,2015,83
142,2018,182
143,2018,106
144,2010,102
145,2017,98
151,2018,124
152,2018,63
154,2019,83
159,2019,82
162,2018,111
163,2019,24
165,2016,102
167,1983,103
168,2014,87
169,2017,100
171,2016,116
172,2016,139
173,2016,101
176,2014,130
177,2019,171
178,2009,84
179,2017,112
181,2017,62
183,2016,65
184,2016,65
185,2016,69
186,2016,64
187,2016,63
188,2016,63
189,2016,112
191,2018,103
192,2017,64
196,2015,82
197,2019,80
199,2019,88
200,2017,124
201,1982,104
202,2012,76
204,2015,92
206,2016,91
207,2014,93
208,2010,112
209,2016,89
210,2016,60
211,2010,84
212,2015,93
213,2016,41
217,2019,64
219,2006,94
222,2019,86
226,2011,113
228,2016,92
229,2018,153
230,2017,111
231,2005,141
232,2018,128
235,2017,52
236,2017,117
237,2017,100
238,2017,112
239,2017,110
240,2018,98
241,2017,137
242,2013,108
243,2016,132
244,2017,87
245,2016,92
246,2017,108
248,2016,91
249,2012,83
251,2014,90
252,2019,157
253,2019,83
254,2018,95
255,2002,107
257,2018,109
261,2010,100
263,2018,114
264,2018,98
266,2019,106
267,2019,87
268,2018,90
269,2019,65
271,2018,105
274,2019,107
275,2019,103
276,2018,88
279,2018,100
280,2017,78
281,2016,25
284,2013,96
286,2018,100
287,2017,40
288,2017,71
291,2018,123
292,2014,89
293,2019,67
294,2010,140
295,2019,96
296,2019,93
298,2018,86
299,2017,96
300,2000,102
301,1997,108
302,2012,81
303,2017,102
304,2018,93
305,2008,87
306,2005,94
308,2019,100
309,2007,88
310,2009,109
311,2003,138
312,2014,149
313,2014,82
314,2006,86
315,2012,112
316,2006,98
317,2008,113
319,2004,47
320,1981,106
321,2007,113
322,2017,119
323,2016,109
324,2006,98
325,2010,88
326,1997,116
327,2009,106
330,2019,95
331,2018,95
332,2008,113
334,2015,122
335,2005,110
336,2017,104
337,2018,96
338,2018,109
339,2018,95
340,2018,110
341,2017,110
342,2007,79
343,2018,101
344,2013,112
346,1991,94
347,2017,94
348,2017,86
349,2017,84
350,2017,95
351,2018,93
352,2017,113
353,1994,111
355,2018,68
358,1988,148
359,2017,54
361,2012,92
362,2013,107
363,2006,90
364,1976,135
365,2016,52
366,1983,151
370,2015,90
371,2004,88
372,2003,99
373,2002,99
374,1973,132
376,2017,95
377,2015,155
379,1974,162
380,1989,163
381,2011,102
382,2009,96
383,2010,85
384,2005,97
385,2006,95
386,2004,83
387,2016,89
388,2017,28
389,2016,103
390,1986,84
391,1984,160
392,2016,113
393,2016,99
394,2016,86
395,2016,83
396,2017,113
398,2016,86
399,2017,78
400,2015,111
401,2015,88
404,2014,93
406,2008,29
407,2015,88
409,2016,103
411,2015,107
412,2016,52
417,2016,91
419,2013,75
420,2019,106
421,2019,87
423,2009,96
424,2018,57
425,2016,98
426,2015,99
427,2019,70
428,2019,46
429,2018,119
430,2014,111
431,2017,80
432,2016,101
433,2016,73
435,2016,108
436,2018,101
437,2015,92
438,2018,94
440,2017,107
441,2017,106
444,2019,109
445,2014,151
447,2016,74
450,2018,89
451,2018,124
452,2018,25
454,2016,100
455,2019,110
456,2019,102
457,2019,102
459,2019,24
460,2016,84
461,2009,121
462,2008,85
464,2016,25
465,2019,65
468,2018,126
469,2015,118
470,2017,84
471,2016,76
473,2013,85
475,2019,126
478,2005,116
479,2016,122
480,2014,105
482,2013,90
483,2017,75
484,2011,96
486,1978,25
487,2017,121
488,2017,88
489,2017,90
490,2017,66
491,2017,92
492,2019,63
494,2019,14
495,2017,87
496,2016,92
497,2019,28
498,2018,20
499,2015,102
500,2017,93
501,2016,89
502,2016,107
503,2016,94
504,2016,110
506,2016,81
508,2018,89
509,2006,94
511,2017,98
512,2016,77
513,2015,85
515,2019,88
516,2018,100
517,2018,126
518,2019,89
519,2018,90
520,2018,87
521,2018,97
523,2018,115
524,2016,91
525,2015,98
526,2019,94
528,2014,106
529,2019,118
531,2019,127
533,2019,61
537,2019,86
538,2018,94
542,2018,93
543,2017,48
544,2015,168
545,2015,90
547,2019,82
548,2019,92
549,2015,138
551,2017,68
553,2014,90
555,2014,95
557,2019,52
558,2018,108
559,2018,74
561,2018,102
562,2015,97
563,2015,91
564,2015,96
565,2019,67
566,1974,83
567,2015,94
568,2018,97
569,2016,103
570,2010,115
571,2007,148
572,2006,149
573,2010,113
574,2008,137
575,2011,140
576,2011,144
577,2015,105
578,2016,91
579,2008,119
582,2016,64
583,2014,68
584,2018,104
585,2014,161
586,2017,103
587,2011,90
588,2017,95
590,2017,82
601,2019,98
602,2018,76
603,2017,111
604,2012,81
605,2018,64
607,2008,55
608,2014,137
609,2000,56
610,1998,58
611,1982,80
612,2014,94
615,1979,94
617,1989,72
618,2013,60
619,2015,101
620,2015,64
621,2019,66
622,1997,98
623,2018,92
624,2018,118
628,2018,51
629,2018,50
630,2018,86
631,2018,140
632,2013,122
633,2018,23
634,2016,95
635,2015,205
636,2015,123
637,2014,190
638,2018,121
640,2017,94
641,2017,87
642,2016,121
643,2019,98
644,2018,99
647,2017,95
650,2018,107
651,2019,100
652,2017,101
653,2019,86
654,2019,96
656,2018,99
657,2019,112
658,2017,127
659,2018,131
660,2016,79
661,2010,140
663,2010,80
664,2017,66
666,2019,22
667,2019,78
668,2019,63
670,2015,97
671,2018,86
672,2018,63
673,2017,135
674,2013,96
679,2017,144
680,2015,111
681,2015,59
682,2015,137
683,2015,86
685,2016,93
686,2019,73
690,2017,150
691,2018,159
693,2016,108
694,2015,127
695,2013,127
696,2015,90
697,2015,126
698,2016,121
699,2017,119
700,2015,109
702,2013,132
703,2014,118
704,2016,84
705,2016,93
706,2017,96
707,2016,145
709,1960,158
710,2017,132
711,2014,111
712,2016,133
713,1959,143
714,2016,117
715,2016,84
716,2016,97
717,2012,77
718,2008,94
719,2010,94
720,2015,91
722,2008,93
723,2007,95
726,2019,62
727,2017,107
728,2016,80
729,2015,135
731,2013,72
732,2019,96
734,2018,131
736,2016,83
737,2016,102
738,2017,52
739,2017,110
740,2017,85
741,2017,113
742,2016,95
743,2018,130
745,2018,99
746,2018,86
748,2018,106
749,2018,57
752,2018,97
753,2016,88
754,2017,89
755,2016,90
756,2014,71
757,2017,104
758,2019,123
759,2019,100
760,2019,99
761,2019,151
762,2019,102
763,2015,118
766,2016,98
768,2019,154
770,2018,144
772,2018,110
773,2017,59
776,2014,71
777,1989,93
778,2019,77
779,2001,103
780,2013,45
781,1995,119
782,2003,147
783,2001,123
784,1992,99
785,2000,98
786,2003,106
790,2004,112
791,2003,85
792,2014,91
794,1990,88
795,2001,101
796,2018,90
798,1997,96
799,2007,99
800,2008,101
801,2011,111
802,1975,96
803,2017,86
805,1973,97
806,2009,121
807,2017,59
808,2019,58
809,1985,90
810,2002,88
812,2019,64
813,2007,104
814,2007,122
815,2004,125
816,2013,92
817,1980,129
818,2000,79
819,1997,121
820,2010,106
822,2005,124
823,2017,87
824,1984,125
825,2006,154
826,2007,86
827,2010,111
828,2007,97
829,1970,66
830,2009,121
831,1994,91
832,2000,91
835,1982,82
836,2006,117
837,1998,81
838,1978,84
839,2005,81
840,2009,107
841,1996,94
842,2004,163
844,2006,90
845,2017,96
846,1983,91
847,1967,93
848,2016,140
849,2017,91
850,2009,97
851,2014,146
852,2016,118
853,2009,133
854,2017,106
856,2009,128
857,2009,137
858,2014,145
859,2017,141
861,2012,106
862,2015,61
863,2018,135
864,2013,137
865,2014,129
866,2009,99
868,2017,155
869,2014,142
870,2008,214
871,2015,137
872,2009,128
873,2011,89
874,2010,67
875,2018,151
876,2014,121
878,2009,101
879,2008,145
880,2009,147
881,2016,90
882,2012,129
883,2005,129
884,2017,136
885,2016,117
886,2017,74
887,2012,150
888,2011,134
889,2011,100
890,2018,44
891,2018,44
892,2009,111
893,2014,147
894,2013,115
896,2013,121
897,2016,103
898,2016,73
899,2015,129
900,2014,102
901,2013,122
902,2008,155
903,2013,139
904,2015,131
905,2017,127
907,2012,156
908,2018,91
909,2013,132
911,2016,130
912,2010,137
913,2005,132
914,2012,156
915,2009,132
916,2010,119
917,2015,140
918,2008,101
919,2016,126
920,2012,135
921,2015,107
922,2013,74
923,2010,74
924,2015,74
925,2015,83
926,2016,79
927,2010,72
928,2011,80
929,2016,75
930,2012,75
931,2017,72
933,2013,80
937,2017,93
938,2016,79
939,2012,86
940,2017,107
941,2016,47
943,2016,107
944,2013,119
945,2016,108
947,2014,85
948,2015,90
949,2016,72
950,2010,23
951,2016,68
953,2015,85
958,2016,84
959,2016,118
960,2004,116
961,2017,89
962,2017,81
963,2016,73
965,2016,140
968,2016,86
969,2015,105
972,2010,100
975,2016,96
977,2015,97
978,2016,73
980,2016,44
981,2016,132
984,2015,96
985,2016,92
986,2013,99
989,1988,95
990,1986,96
991,1986,94
992,1990,94
993,1988,93
994,1987,96
995,1989,94
996,1988,94
997,1991,93
998,1990,95
999,1991,93
1000,2009,99
1001,2017,132
1002,2017,106
1005,2018,122
1012,2012,100
1013,2019,93
1014,2019,94
1015,2018,79
1016,2017,78
1017,2015,111
1019,2012,112
1020,2015,107
1021,2016,101
1022,2016,121
1024,2015,102
1025,2015,81
1026,2002,81
1028,2016,123
1029,2014,100
1030,2019,78
1032,2018,116
1033,2017,144
1034,2019,87
1035,2019,61
1036,2017,98
1037,2019,123
1038,2019,85
1040,2018,129
1041,2018,90
1042,2017,153
1043,2011,92
1044,2012,87
1045,2011,92
1046,2009,112
1047,1995,97
1048,2016,78
1049,2019,103
1051,2017,105
1052,2016,64
1054,2016,112
1056,2019,67
1057,2019,135
1059,2018,93
1060,2018,30
1063,2018,82
1064,2011,95
1065,2018,127
1066,2008,120
1068,2018,114
1069,2018,119
1070,2018,101
1071,2018,96
1072,2016,103
1073,2010,107
1074,2011,86
1077,2019,106
1078,2018,107
1079,2019,81
1080,2016,107
1081,2018,118
1082,2018,110
1084,2017,104
1086,2018,93
1088,2019,94
1093,2001,124
1094,2017,120
1096,2008,137
1097,2019,134
1098,2019,69
1099,2019,106
1100,2019,209
1103,2018,139
1104,2017,128
1105,2019,86
1106,2019,24
1107,2019,46
1110,2019,117
1111,2019,87
1112,2015,95
1113,2018,44
1114,2017,76
1115,2016,92
1117,2016,61
1118,2019,92
1119,1980,114
1120,2017,121
1122,2017,94
1123,2017,114
1124,2016,101
1127,1973,94
1128,2012,109
1129,1987,110
1131,2002,96
1134,2017,93
1135,2019,97
1138,2015,121
1139,2008,56
1142,2019,119
1144,2018,104
1146,2017,109
1148,2015,88
1149,2016,88
1150,2012,113
1151,2002,138
1153,2019,93
1154,2015,110
1156,2018,91
1157,2017,51
1158,2017,61
1159,2017,73
1160,2017,113
1161,2016,67
1162,2013,111
1164,2016,88
1165,1996,81
1166,1992,73
1167,2019,86
1168,2007,116
1169,2009,85
1170,2019,134
1171,2015,109
1172,2001,102
1173,1996,101
1175,2007,88
1176,1995,101
1177,2019,28
1178,2014,103
1179,2019,131
1180,1968,166
1181,2010,105
1182,1999,82
1183,2011,107
1184,2012,84
1185,1996,103
1186,2000,112
1187,2009,89
1188,1974,121
1189,2008,87
1190,1997,136
1191,1993,118
1193,2006,129
1194,2011,94
1195,2005,88
1196,2007,158
1199,2018,91
1200,2018,114
1201,2018,91
1203,2018,64
1204,2014,44
1205,2014,68
1207,2012,68
1208,2010,99
1209,2017,69
1210,2017,81
1211,2013,69
1212,2016,68
1213,2015,68
1214,2011,91
1215,2010,86
1216,2015,40
1217,2018,116
1219,2018,59
1220,2018,95
1222,2018,122
1223,2018,98
1224,2010,125
1225,2010,125
1226,2019,78
1229,2012,65
1230,2007,89
1231,2017,125
1232,2016,62
1233,2016,107
1235,2016,85
1236,2015,91
1237,2009,29
1242,2017,92
1243,2017,94
1244,2017,65
1245,2017,135
1246,2014,86
1249,2011,100
1250,2019,93
1251,2014,84
1252,2015,107
1253,2013,101
1254,2018,95
1256,2017,86
1258,2018,94
1259,2018,133
1260,2018,102
1262,2009,80
1264,2019,107
1265,2019,74
1266,2019,60
1267,2019,143
1268,2019,105
1271,2011,110
1272,2019,98
1274,2010,100
1277,2018,74
1278,2016,100
1280,2013,46
1283,2018,122
1285,2017,86
1286,2018,111
1287,2017,132
1288,2018,111
1289,2015,136
1290,2018,121
1291,2015,76
1292,2017,92
1293,2018,119
1294,2016,45
1295,2018,75
1296,2017,71
1297,2015,81
1298,2017,115
1299,2016,142
1301,2005,131
1305,2016,69
1306,2012,77
1308,2019,88
1309,2019,54
1311,2017,66
1312,2017,88
1313,2014,75
1314,2012,84
1316,2018,128
1317,2018,92
1319,2016,99
1320,2015,62
1322,2019,59
1323,2015,95
1324,2017,96
1325,2009,100
1327,2019,95
1328,2019,88
1329,2017,126
1331,2016,98
1334,2017,114
1335,2010,65
1337,2017,54
1338,2017,76
1339,2017,100
1341,2016,71
1343,2006,102
1344,1997,119
1345,2019,94
1348,1998,119
1349,2019,90
1350,2003,105
1351,2017,89
1353,1960,108
1354,1958,108
1355,2019,87
1356,2017,112
1357,2018,101
1358,1973,89
1359,2007,91
1360,1965,200
1361,2019,119
1362,2018,90
1363,1973,103
1364,2018,110
1365,1996,133
1366,1998,124
1367,1998,118
1368,2019,40
1369,1956,98
1370,2005,85
1371,1958,115
1372,2001,137
1373,2003,98
1374,1978,110
1376,2005,55
1378,2019,86
1379,2018,92
1380,2017,116
1381,1997,94
1382,2009,134
1383,1973,102
1384,2005,98
1385,2010,100
1386,1992,105
1387,1990,116
1388,1976,118
1389,1962,153
1390,1997,109
1391,2008,99
1393,1997,96
1394,2006,91
1395,1962,185
1396,2006,92
1397,1993,82
1398,1960,127
1399,2002,98
1401,1955,111
1402,2008,120
1403,1968,137
1404,1998,121
1405,1995,89
1406,2019,91
1407,1996,135
1408,1976,98
1409,2007,139
1410,2018,95
1411,2008,98
1412,1972,91
1413,2007,122
1414,2013,100
1415,1965,103
1416,1997,129
1417,2005,133
1418,2019,36
1419,2019,141
1420,1991,105
1421,2019,107
1422,1999,136
1423,2003,138
1424,2003,129
1425,2007,97
1426,1993,141
1427,2002,99
1428,1988,89
1429,2019,24
1430,2008,90
1433,2008,98
1434,2016,89
1435,2009,88
1436,2008,103
1437,2009,117
1438,2008,95
1439,2015,146
1440,2013,136
1441,2011,91
1442,2018,123
1443,2012,144
1444,1998,103
1446,2017,11
1447,2017,22
1448,2014,126
1449,2009,121
1450,2018,91
1451,2006,158
1452,2007,157
1453,2009,124
1454,2010,106
1455,2018,92
1456,2017,80
1457,2017,94
1458,2015,126
1460,2013,129
1462,2012,133
1463,2007,109
1464,2012,143
1465,2013,140
1466,2012,150
1467,2013,128
1468,2013,120
1469,2012,154
1470,2006,45
1471,2015,132
1472,2007,126
1473,2013,95
1474,2016,91
1475,2008,135
1476,2014,139
1477,2011,131
1478,2008,118
1479,2010,129
1480,2014,131
1481,2013,146
1482,2013,123
1483,2014,141
1484,2015,93
1485,2015,91
1487,2017,58
1488,2017,91
1489,2007,112
1490,2014,119
1491,2016,106
1492,2008,131
1493,2014,95
1494,2011,104
1495,2014,103
1496,1978,141
1497,2016,115
1498,2017,120
1499,2016,104
1500,2013,22
1501,2016,97
1502,2017,54
1503,2016,120
1504,2015,132
1505,2015,135
1507,2017,87
1508,2016,82
1509,2014,158
1510,2011,107
1511,2014,122
1512,2016,62
1513,2017,95
1515,2017,98
1521,2014,113
1522,2016,94
1523,2016,120
1524,2015,92
1525,2011,132
1526,2015,59
1533,2016,91
1534,2016,44
1535,2015,107
1536,1998,101
1537,1992,93
1538,2015,82
1539,1981,86
1540,1973,81
1541,2011,44
1542,2013,80
1543,1987,84
1544,2017,110
1545,2018,87
1546,2018,126
1547,2010,103
1548,2013,111
1549,2015,100
1550,2013,112
1551,2013,96
1552,2017,61
1562,2017,76
1563,2018,67
1564,2016,99
1565,2016,92
1566,2015,107
1570,2018,71
1573,2013,69
1574,2007,91
1575,2016,82
1576,2019,86
1577,2018,99
1578,2019,125
1579,2011,147
1580,2016,60
1581,2017,88
1582,2018,92
1584,2018,87
1585,2017,81
1586,2017,72
1587,2017,98
1589,2015,86
1590,2007,104
1592,2018,100
1593,2018,113
1594,2018,40
1595,2018,105
1596,2018,94
1597,2017,109
1598,2018,116
1599,2017,99
1601,2019,102
1602,2008,127
1603,2019,101
1606,2006,135
1607,2004,124
1608,2019,103
1609,2006,105
1610,2019,98
1611,2011,93
1612,2014,113
1613,2011,106
1615,2017,89
1616,2011,80
1617,2011,99
1618,2019,123
1619,2014,91
1620,2017,71
1621,2019,40
1624,2019,79
1625,2019,110
1627,2012,101
1628,2018,128
1629,2019,110
1632,2018,89
1633,2016,87
1634,2017,153
1635,2015,83
1636,2018,84
1637,2018,99
1638,2012,93
1642,2016,109
1644,2018,122
1645,2018,117
1647,2017,98
1648,2017,79
1649,2017,143
1650,2017,123
1651,2014,96
1654,2008,114
1655,2018,63
1656,2018,94
1657,2018,74
1658,2016,97
1659,2019,38
1661,2019,101
1662,2019,99
1663,2019,91
1665,2017,103
1666,2019,30
1667,2016,80
1668,2017,73
1670,2019,30
1671,2018,137
1673,2018,58
1677,2016,90
1682,2015,78
1683,2015,84
1684,2016,111
1685,2019,66
1686,2018,159
1688,2017,79
1689,2018,87
1690,2012,133
1691,2018,116
1692,2013,119
1694,2017,92
1695,2017,64
1696,2016,95
1697,2019,125
1698,2012,94
1699,2017,92
1701,2017,106
1704,2017,101
1706,2015,95
1707,2019,95
1708,2018,104
1709,2018,117
1713,2014,70
1714,2016,87
1715,2018,88
1716,2018,96
1718,2019,90
1719,2019,84
1720,2019,53
1721,2019,87
1723,2007,89
1724,2014,78
1725,2010,103
1726,2019,90
1727,2018,96
1728,2001,150
1729,2011,105
1730,2010,112
1731,2008,119
1732,2013,142
1733,2019,94
1734,2011,97
1735,2017,87
1736,2010,129
1737,1994,160
1738,2017,66
1739,2016,119
1740,2012,140
1741,2017,59
1742,2018,137
1743,2018,100
1744,2018,125
1746,2008,128
1747,2018,108
1750,2003,136
1751,2005,165
1752,2016,124
1753,2010,133
1754,2007,116
1755,2017,150
1756,2018,158
1757,2017,118
1758,1979,100
1759,2013,90
1761,1992,164
1763,2017,92
1764,1994,151
1765,2016,84
1766,2010,51
1767,1995,142
1769,2017,66
1770,2016,110
1771,2016,99
1772,2014,102
1773,2019,102
1774,2018,87
1776,2019,61
1777,2018,94
1779,2019,70
1780,2019,92
1781,2018,64
1782,2016,86
1783,2018,88
1785,2017,92
1787,2017,101
1788,2017,88
1789,2017,86
1790,2018,100
1791,2019,111
1792,2011,128
1794,2018,63
1796,2018,105
1798,2018,63
1799,2018,63
1800,2018,62
1801,2018,62
1802,2018,98
1807,2019,104
1808,2012,151
1809,2011,116
1810,2015,128
1811,2013,128
1812,2011,86
1813,2016,88
1814,2015,80
1815,2015,93
1816,2018,53
1817,2003,82
1818,2017,99
1819,2019,87
1820,2018,90
1821,2018,124
1822,2015,53
1823,2019,88
1824,2014,54
1825,2018,104
1826,2018,92
1828,2013,126
1829,2019,140
1830,2007,87
1831,1982,93
1833,2018,80
1834,2018,82
1835,2017,70
1836,2016,131
1837,2017,105
1840,2017,130
1841,2017,69
1842,2018,98
1843,2017,90
1844,2017,105
1845,2017,106
1846,2017,126
1848,2016,84
1849,2018,65
1851,2017,121
1852,2017,163
1855,2018,92
1856,2017,124
1857,2016,107
1858,2015,19
1859,2008,25
1860,2015,22
1861,2015,40
1862,2014,22
1863,2016,24
1865,2015,103
1866,2016,45
1868,2016,101
1871,2017,60
1872,2017,90
1873,2017,96
1874,2018,98
1875,2015,94
1876,2017,74
1877,2016,96
1878,2016,111
1879,2015,127
1880,2012,117
1881,2013,123
1882,2013,139
1883,2016,95
1884,1996,148
1885,2013,121
1886,2016,79
1887,2015,127
1888,2016,92
1889,2015,162
1890,1996,163
1891,2012,83
1892,2014,112
1893,2009,117
1894,2016,90
1895,2016,95
1896,2016,99
1897,2013,125
1899,2017,44
1900,2017,93
1901,2015,89
1902,2017,92
1903,2014,120
1904,2016,114
1905,2016,109
1906,2016,83
1907,2014,107
1908,2012,129
1909,2014,135
1910,2011,149
1911,2015,136
1912,2014,138
1913,1996,177
1914,2016,61
1915,2011,126
1916,2013,137
1917,2011,114
1918,2016,104
1919,2013,96
1920,2013,147
1921,2016,29
1922,2015,163
1923,2015,98
1924,2011,87
1927,2017,94
1928,2018,121
1929,2014,92
1930,2016,92
1931,2015,91
1932,2016,83
1933,2015,123
1934,2015,96
1937,2013,98
1941,2018,116
1944,2019,90
1945,2019,111
1947,2002,100
1949,2009,123
1950,2007,106
1951,2019,100
1953,2018,40
1954,1998,90
1955,2008,104
1956,2018,99
1957,2012,105
1958,2014,128
1959,2015,91
1960,2015,127
1962,2012,89
1963,2017,94
1964,2017,57
1965,2015,65
1968,2018,90
1969,1974,86
1970,2004,100
1972,1977,84
1973,2018,58
1974,2017,95
1975,2015,58
1976,2015,82
1978,2008,100
1979,2008,131
1980,2018,104
1981,2019,94
1982,2017,92
1983,2015,124
1984,2010,106
1985,2015,108
1986,2013,104
1987,2011,103
1988,2017,100
1989,2017,78
1990,2006,108
1992,2019,88
1993,2018,81
1997,2017,87
1999,2017,84
2000,2016,51
2001,2016,90
2003,2012,77
2004,2015,95
2005,1945,63
2006,1946,58
2009,1945,59
2011,1942,52
2012,1945,32
2013,1942,18
2014,2017,102
2017,1944,40
2019,1944,40
2020,1947,42
2021,1944,76
2022,1943,61
2023,1943,82
2026,1943,45
2027,2016,75
2031,2018,103
2032,2018,78
2033,2017,108
2035,2018,62
2036,2018,97
2037,2009,102
2038,2006,95
2040,2014,92
2041,2016,118
2042,2016,91
2043,2012,79
2044,2016,92
2046,2019,124
2047,2019,102
2050,2016,98
2051,2019,132
2052,2019,87
2055,2010,89
2056,2016,109
2059,2017,63
2060,2017,75
2061,2008,126
2062,2017,106
2064,2012,110
2065,2019,61
2066,2016,115
2067,2018,126
2069,2016,23
2070,2018,108
2071,2015,76
2072,2017,80
2073,2017,91
2074,2016,93
2075,2017,93
2077,2011,89
2078,2017,100
2080,2018,102
2081,2016,99
2082,2007,82
2083,2018,74
2085,2018,100
2086,2017,150
2087,2014,108
2091,2018,129
2093,2019,71
2096,2019,108
2097,2016,101
2098,2019,60
2101,2014,105
2102,2016,115
2103,2016,118
2104,2016,130
2105,2006,101
2106,2016,115
2107,2017,90
2108,2016,72
2110,2016,114
2111,2013,91
2112,2018,99
2113,2019,69
2115,2018,97
2117,2016,75
2120,2008,116
2121,2016,83
2122,2018,118
2123,2018,162
2124,2018,162
2125,2013,126
2127,2016,109
2128,2013,109
2129,2018,89
2130,2015,111
2133,2018,51
2134,2018,69
2135,2017,104
2136,2015,103
2137,2014,92
2138,2015,92
2139,2019,61
2140,2018,87
2141,2018,97
2142,2017,103
2143,2016,83
2144,2018,101
2145,2016,97
2146,2016,118
2147,2015,97
2148,2016,62
2149,2016,84
2150,2016,90
2151,2014,92
2153,2017,92
2155,2016,91
2156,2016,137
2158,2011,123
2159,2018,87
2161,2018,88
2163,2018,63
2164,2014,97
2165,2009,101
2167,1992,143
2168,2016,97
2169,2014,107
2170,2005,82
2171,2018,108
2172,2017,104
2173,2018,98
2174,2019,65
2175,2009,88
2176,2018,106
2178,2006,69
2179,2011,97
2180,2012,80
2181,2008,85
2182,2004,99
2183,2018,98
2186,2018,115
2188,2006,138
2189,2017,90
2192,2018,86
2193,2017,127
2194,2010,129
2195,2009,120
2196,2010,138
2197,2016,129
2198,2010,137
2199,2016,91
2201,2016,103
2202,2010,145
2203,2016,23
2204,2016,25
2205,2016,92
2206,2016,83
2208,1998,81
2209,2010,115
2211,2012,150
2213,2010,106
2215,2017,115
2216,2001,168
2217,2006,117
2218,2016,103
2219,2016,80
2220,2016,87
2221,2001,160
2222,2014,88
2223,2014,85
2224,2014,77
2226,2017,90
2227,2007,117
2228,2016,132
2229,2016,127
2230,2017,125
2231,2017,128
2232,2018,140
2233,2015,104
2235,2017,62
2239,2019,126
2241,2018,79
2242,2018,104
2245,2019,58
2246,2017,52
2247,2017,90
2250,2017,83
2251,2017,97
2253,2017,85
2254,2017,69
2255,2016,109
2256,2015,103
2257,2012,99
2259,2017,102
2260,2015,97
2261,2010,99
2262,2016,101
2263,2014,102
2264,2013,102
2265,2015,107
2266,2010,99
2267,2011,106
2268,2014,103
2269,2004,123
2270,2015,98
2271,2006,118
2272,2013,100
2273,2013,101
2274,2014,103
2275,2015,101
2276,2015,104
2277,2016,104
2278,2012,100
2279,2015,136
2280,2015,102
2282,2014,105
2283,2016,24
2284,2010,110
2285,2013,105
2286,2014,105
2287,2012,102
2288,2015,98
2289,2013,118
2290,2001,106
2291,2004,106
2292,2018,89
2293,2018,97
2294,2018,108
2295,2018,103
2296,2015,88
2298,2000,120
2299,2018,90
2301,2018,99
2302,2009,83
2303,2005,107
2304,2014,109
2305,2004,105
2308,2014,87
2309,2018,93
2310,2012,90
2311,2017,89
2312,2018,131
2313,2019,114
2314,2016,92
2315,2018,75
2316,2018,107
2317,2008,97
2319,2008,90
2320,2001,98
2321,2010,100
2322,2018,103
2324,2016,101
2325,2018,59
2326,2012,91
2327,2004,153
2328,2016,61
2329,2017,149
2330,2018,94
2331,2003,79
2332,2002,137
2334,2017,53
2335,1998,166
2336,2003,162
2337,2015,92
2338,2013,93
2339,2007,155
2340,2000,158
2341,2017,138
2342,1999,151
2343,2010,96
2344,2017,106
2345,2005,141
2346,2006,127
2347,2015,130
2348,2013,140
2349,2017,145
2350,2015,132
2351,2017,41
2352,2017,110
2353,1993,170
2354,2003,157
2355,2004,165
2356,2017,114
2357,2016,143
2358,2016,106
2360,2013,73
2361,2012,71
2362,2005,161
2363,1997,187
2364,2002,127
2365,2000,165
2366,2015,117
2367,2004,134
2368,2017,116
2369,2016,94
2370,2002,168
2371,2012,109
2372,2002,148
2373,2008,135
2374,2017,127
2375,2017,115
2376,2017,150
2377,2017,87
2378,2014,127
2379,2004,185
2380,2014,75
2381,1999,177
2382,2015,81
2383,2010,137
2384,2017,118
2385,2015,124
2386,2014,123
2387,2017,90
2388,2015,91
2389,2016,87
2390,2014,89
2391,2014,81
2392,2008,47
2393,2004,46
2394,1995,173
2395,2017,108
2396,2016,125
2397,2015,124
2398,2008,137
2399,2001,171
2400,2004,160
2402,2013,52
2403,2013,52
2404,2010,87
2409,2016,56
2411,2015,115
2413,2016,53
2414,2016,94
2415,2016,118
2418,2016,92
2419,2016,98
2421,2013,125
2422,2016,113
2423,2016,90
2424,2016,93
2425,2015,91
2426,2015,100
2429,2017,87
2430,2019,90
2431,2019,120
2432,2002,107
2433,2018,100
2434,2018,110
2435,2018,66
2438,2016,84
2439,2018,74
2440,2019,119
2441,2019,114
2442,2019,125
2443,2019,71
2444,2019,110
2445,2018,127
2448,2019,118
2449,2018,90
2450,2013,99
2452,2013,94
2453,2019,90
2454,2014,98
2455,2016,98
2456,2014,99
2457,2019,133
2458,2017,94
2459,2016,116
2460,2017,93
2461,1974,103
2462,2017,84
2463,2012,90
2464,2013,107
2465,2018,89
2466,2015,90
2467,2013,96
2468,2016,130
2469,2019,90
2470,2018,86
2471,2011,79
2472,2013,93
2473,2017,131
2474,2014,107
2475,2017,117
2476,2015,12
2477,2019,62
2478,2014,3
2479,2009,94
2481,2017,86
2482,2019,122
2483,2013,113
2484,2019,141
2485,2012,69
2486,2017,92
2488,2017,90
2489,2015,90
2491,2016,79
2492,2015,84
2493,2015,91
2495,2016,89
2496,2016,119
2497,2016,88
2498,2016,126
2499,2016,60
2500,2018,81
2501,2019,176
2502,2018,101
2504,2018,77
2507,2018,89
2508,2018,90
2509,2018,98
2511,2015,69
2512,2016,119
2514,2018,73
2517,2017,87
2518,2019,88
2522,2018,88
2523,2017,121
2524,2019,15
2526,2019,55
2527,2014,49
2528,2017,66
2529,2018,141
2530,2012,122
2531,2018,117
2532,2018,95
2533,2019,109
2535,2017,152
2536,2018,66
2537,2015,102
2538,2016,108
2539,2015,103
2540,2019,63
2541,2018,73
2542,2018,107
2544,2014,103
2545,2017,139
2546,2018,95
2547,2016,91
2548,2017,90
2550,2016,80
2551,2016,97
2552,2019,87
2553,2014,79
2555,1999,89
2556,2016,75
2558,2015,78
2559,2016,81
2560,2017,96
2561,2005,72
2562,2017,89
2563,2015,92
2564,2014,99
2565,2019,96
2566,2016,89
2568,2018,74
2569,2018,119
2570,2017,92
2571,2017,81
2572,2019,113
2574,1998,69
2575,2012,99
2579,1997,87
2580,2016,161
2581,2014,85
2582,2010,112
2583,2019,116
2584,2011,99
2585,2010,101
2586,2012,110
2587,2019,116
2588,2010,96
2589,2011,83
2591,2015,92
2592,2017,24
2593,2017,66
2596,2005,93
2597,2019,114
2598,2016,110
2599,2010,118
2600,2016,130
2602,2017,102
2605,2019,110
2606,2018,86
2607,2018,110
2608,2019,122
2609,2018,99
2610,2018,70
2612,2014,100
2613,2019,59
2614,2018,65
2615,2018,126
2616,2018,97
2617,2018,68
2618,2018,65
2619,2018,63
2620,2017,89
2624,2015,105
2625,2015,122
2626,2015,88
2627,2018,91
2628,2017,91
2629,2015,81
2630,2017,92
2631,2018,53
2634,2019,40
2635,2019,113
2636,2017,117
2637,2018,90
2642,2006,104
2643,2018,48
2644,2018,121
2645,2018,106
2646,2017,74
2647,2018,106
2648,2017,113
2649,2017,119
2652,2016,77
2653,2017,104
2654,2017,73
2655,2015,102
2656,2016,82
2657,2017,47
2658,2014,78
2660,2019,95
2662,2019,98
2665,2013,82
2666,2014,97
2667,2016,102
2669,2019,61
2670,2018,93
2671,2019,117
2672,2010,108
2673,2017,126
2674,2011,93
2675,2017,98
2676,2017,102
2677,2012,96
2678,2019,60
2679,2019,142
2680,2017,76
2681,2017,95
2682,2018,113
2685,1991,112
2686,2016,85
2691,2016,108
2693,2014,125
2694,2016,119
2695,2008,109
2696,2011,100
2698,2018,98
2699,1976,98
2701,2017,128
2702,2018,83
2703,2015,105
2704,2019,109
2705,2019,83
2706,2008,101
2707,2018,78
2708,1998,110
2709,2009,116
2710,2004,141
2711,2016,120
2712,2019,97
2713,2019,109
2714,2003,105
2715,2017,126
2716,2017,130
2717,2017,99
2719,2015,89
2720,2004,136
2721,2004,131
2722,2016,165
2724,2018,110
2725,2015,85
2726,2017,92
2727,1993,154
2728,2017,44
2729,2017,104
2730,2017,76
2731,2016,96
2732,2017,63
2733,2016,108
2735,2000,105
2736,2017,47
2737,2017,44
2739,2015,109
2740,2016,89
2741,2017,92
2742,1993,122
2743,2017,19
2746,1995,154
2749,1969,152
2750,1998,161
2752,2016,123
2756,2017,44
2757,2001,106
2760,2015,79
2763,2015,93
2764,2015,95
2765,2015,99
2766,2014,143
2767,2019,65
2768,2018,131
2771,2015,100
2772,2011,105
2773,2017,105
2777,2017,84
2780,2013,60
2781,2017,119
2782,2018,93
2783,2018,66
2784,2018,83
2785,2018,110
2786,2018,88
2787,2016,109
2788,2017,96
2789,2016,96
2791,2019,105
2793,2010,112
2797,2016,40
2798,2016,107
2799,2013,77
2800,2016,78
2802,2018,90
2803,2019,130
2804,1978,88
2806,1978,97
2809,2019,83
2810,2019,99
2811,2019,59
2812,2008,92
2813,2010,102
2814,2011,93
2815,2017,103
2817,2006,91
2818,2012,58
2819,2012,69
2820,2012,61
2821,2019,107
2822,2013,99
2824,2013,126
2825,2016,112
2826,2005,82
2827,2012,86
2828,2010,105
2829,1975,101
2830,2017,100
2832,2017,93
2833,2017,84
2834,2018,57
2835,2018,95
2837,2018,101
2839,2018,94
2840,2018,111
2841,2019,100
2843,2019,77
2844,2015,57
2849,2016,107
2850,2019,93
2851,2015,128
2852,2015,99
2853,2015,113
2854,2015,108
2855,2013,105
2856,2015,109
2857,2015,93
2858,2007,82
2859,2015,95
2860,2015,84
2861,2015,106
2863,2010,122
2864,2012,108
2865,2009,94
2866,2011,103
2867,2015,106
2868,2018,124
2869,2005,92
2870,2007,88
2871,2018,68
2872,2017,67
2873,2014,87
2874,2019,114
2875,2018,72
2876,2018,93
2877,2014,102
2878,2016,91
2879,2015,110
2881,2018,103
2882,2017,69
2883,2009,153
2886,2012,94
2887,2014,125
2888,2008,99
2889,2005,149
2890,2008,111
2891,2018,58
2892,2018,56
2893,2008,110
2894,2013,98
2895,2004,106
2896,2007,102
2897,2014,89
2898,2014,95
2899,2016,110
2900,2016,87
2901,2017,93
2905,2018,92
2906,2018,95
2908,2018,133
2909,2014,112
2910,2016,84
2916,2017,100
2917,2018,88
2918,2014,83
2919,2019,81
2920,2018,77
2923,2018,85
2924,2006,85
2925,2014,84
2926,2015,118
2927,2014,99
2928,2014,109
2929,2014,103
2930,1946,94
2932,2019,98
2933,2013,97
2935,2018,105
2936,2018,101
2937,2017,63
2939,2016,94
2940,2018,136
2942,2018,103
2943,2017,116
2944,2015,92
2945,2018,161
2946,2019,32
2947,2018,86
2948,2006,107
2949,2009,98
2950,2018,83
2956,2018,77
2957,2012,86
2958,2013,91
2959,1985,95
2960,2016,99
2961,2012,90
2962,2018,88
2963,2013,85
2964,2016,98
2965,2012,94
2966,2018,71
2967,2008,95
2968,1993,124
2969,2017,108
2970,2015,87
2971,2013,95
2972,2013,108
2973,2017,104
2974,2013,143
2975,2014,116
2976,2016,106
2977,2015,100
2978,2016,101
2979,2016,117
2980,2013,155
2981,1954,120
2983,2015,110
2985,2017,14
2986,2017,89
2987,2017,108
2988,2015,114
2990,2014,78
2991,2018,133
2993,2018,113
2994,2018,71
2995,2013,75
2996,2018,75
2997,2014,97
2998,2014,59
2999,2015,99
3000,2014,74
3001,2019,105
3004,2019,79
3006,2018,106
3010,2019,90
3017,2019,87
3018,2008,95
3020,2017,91
3025,2019,67
3026,2019,106
3027,2017,83
3028,2014,80
3029,2016,103
3030,2015,94
3031,2015,92
3032,1974,112
3035,2008,97
3036,2008,106
3038,2019,66
3039,2011,106
3040,2006,110
3041,1989,102
3042,2016,105
3043,1973,112
3045,2007,96
3046,2008,97
3047,2017,53
3048,2018,113
3049,2017,53
3050,2017,54
3051,2017,53
3052,2017,54
3053,2018,113
3054,2017,53
3055,2017,53
3056,2018,53
3057,2017,54
3058,2017,54
3059,2017,52
3060,2017,54
3061,2017,54
3062,2018,53
3063,2017,53
3064,2018,53
3065,2018,113
3066,2012,53
3067,2009,91
3068,1993,126
3070,2009,99
3071,1988,134
3073,2012,26
3074,2000,117
3075,2009,89
3076,2019,94
3077,2004,101
3079,2018,94
3080,2001,99
3081,1976,114
3082,2016,48
3083,2018,78
3084,2010,118
3085,2005,119
3086,2008,104
3087,2003,98
3088,2006,93
3090,2013,61
3091,1967,90
3092,2017,128
3093,2006,122
3094,2013,60
3095,2017,126
3096,2003,166
3097,2017,113
3099,2018,88
3100,2017,151
3101,2013,107
3102,2017,42
3103,2018,94
3104,2018,130
3105,2010,87
3106,2017,116
3107,2006,77
3108,2017,117
3109,2003,84
3110,2018,92
3111,2007,130
3112,2017,103
3113,2017,89
3114,2017,109
3115,2016,104
3116,2009,114
3117,2017,133
3118,2007,101
3119,2005,137
3120,2015,88
3121,2018,88
3122,2017,115
3123,2017,120
3124,2017,104
3125,2008,114
3126,2010,128
3127,2017,125
3128,2017,38
3129,2017,102
3130,2017,96
3131,2018,94
3132,2014,89
3133,2012,97
3135,2011,95
3137,2016,106
3138,1966,116
3140,2017,91
3142,2017,90
3144,2018,86
3145,2016,97
3146,2015,170
3147,1971,153
3149,2013,104
3152,2012,162
3153,1962,163
3155,2016,106
3159,2016,108
3160,2013,130
3162,2015,133
3163,1994,148
3166,2016,105
3168,2013,58
3170,2016,87
3171,2015,81
3174,2015,96
3175,2006,52
3176,2014,114
3178,2015,105
3179,2015,157
3180,2020,97
3181,2019,75
3182,2018,91
3183,2018,117
3184,2018,135
3185,2018,135
3186,2016,91
3187,2017,63
3188,2017,135
3190,1998,95
3191,2013,112
3193,2016,74
3194,2017,92
3195,2020,102
3196,2010,103
3197,2018,75
3198,2018,95
3199,2018,82
3200,2015,94
3201,2016,84
3202,2016,88
3203,2017,98
3204,2016,82
3205,2013,22
3206,2016,141
3207,2016,124
3208,2017,106
3209,2016,86
3210,2015,115
3211,2017,99
3212,1999,101
3213,2013,142
3214,2016,97
3216,2015,83
3217,2016,95
3218,2014,117
3219,2016,100
3222,2018,102
3224,2018,122
3225,2018,95
3227,2016,75
3228,2018,92
3230,2018,110
3231,2017,106
3232,2017,120
3234,2018,83
3235,2014,123
3236,2017,96
3237,2017,78
3238,2015,87
3239,2010,56
3240,2008,141
3241,2016,97
3242,2018,118
3243,2008,95
3244,2010,127
3245,1998,69
3246,2014,74
3249,2020,90
3250,2002,156
3251,1986,103
3252,2018,120
3253,2018,96
3254,2017,69
3255,2018,118
3256,2017,74
3257,2019,91
3258,2018,137
3260,2018,86
3261,2017,108
3262,2017,91
3263,2017,68
3264,2017,92
3265,2016,99
3266,2018,106
3267,2012,125
3268,2018,114
3269,2016,143
3270,2015,121
3271,2017,119
3273,2011,47
3274,2011,52
3277,2017,91
3280,2002,108
3281,2018,150
3282,2018,102
3284,2018,61
3285,2018,57
3286,2014,85
3287,2018,49
3288,2017,37
3289,2018,88
3293,2018,105
3294,2019,119
3296,2017,87
3297,2016,102
3299,2018,97
3300,2018,96
3301,2017,85
3303,2018,59
3304,2017,97
3305,2017,67
3306,2014,93
3308,2009,91
3309,2014,104
3310,2016,77
3311,2018,63
3312,2017,57
3314,2015,72
3315,2017,69
3317,2017,86
3318,2016,92
3321,2016,78
3322,2016,130
3323,2017,80
3324,2017,129
3328,1975,92
3329,2017,89
3330,2017,86
3331,2015,52
3332,1994,49
3333,2018,62
3334,2018,108
3335,2018,95
3336,2016,90
3337,2013,91
3338,2019,95
3339,2019,98
3340,2019,96
3341,2018,83
3344,2018,96
3345,2019,90
3346,2018,97
3349,2017,99
3351,2016,93
3352,2020,121
3355,2018,62
3357,2017,66
3358,2017,93
3360,2013,105
3361,2019,78
3362,2010,109
3364,2011,95
3365,2019,86
3366,2015,132
3367,2019,107
3368,2015,122
3369,2018,99
3370,2010,94
3371,2009,106
3372,2013,117
3373,2018,60
3374,2008,119
3375,2016,90
3376,2002,88
3377,2018,95
3378,2019,108
3380,2017,99
3381,2019,95
3382,2019,103
3383,2000,89
3384,2017,90
3385,2016,88
3386,2018,105
3387,2017,118
3388,2019,86
3389,2018,127
3393,2018,88
3394,2017,125
3395,2018,116
3396,2018,102
3397,2019,65
3398,2018,88
3399,2016,106
3400,2017,117
3401,2016,94
3402,1980,147
3403,2017,94
3404,2017,89
3405,2017,89
3406,2017,89
3407,2016,111
3408,2015,118
3409,1986,153
3410,2017,87
3411,2017,122
3412,2017,97
3413,2017,121
3414,2008,105
3415,2015,83
3416,2016,96
3417,2013,84
3418,2014,98
3419,2014,91
3420,2016,89
3421,2015,90
3422,2015,89
3423,2014,123
3424,2008,107
3425,2010,108
3427,2020,66
3428,2012,137
3429,2019,132
3430,2018,91
3432,2014,117
3433,2016,100
3434,2016,91
3435,2016,87
3437,2016,131
3438,2014,93
3439,2018,136
3440,2010,116
3441,2016,146
3442,2016,82
3443,2017,104
3445,2018,56
3446,2019,128
3447,2007,121
3448,2018,89
3449,2017,124
3450,2009,68
3451,2018,94
3452,2017,100
3453,2018,71
3454,2016,85
3455,2015,109
3456,2006,88
3457,2017,104
3459,2019,65
3461,2018,91
3462,2019,99
3463,2017,76
3468,2014,119
3469,2011,85
3470,2016,86
3471,1981,85
3475,2018,60
3476,2017,89
3477,2017,92
3478,2017,74
3480,2008,123
3481,2004,95
3482,2014,45
3483,1999,122
3484,2011,98
3485,2018,106
3486,1997,139
3487,2014,87
3489,2014,105
3490,2002,142
3492,2000,116
3493,2005,115
3494,1997,113
3496,1968,146
3497,2009,96
3498,2002,130
3499,2006,108
3500,2008,85
3501,2005,137
3502,2010,115
3503,1997,127
3504,1996,103
3505,2015,97
3506,2000,84
3507,1997,96
3508,2019,80
3509,2000,98
3510,2003,90
3511,2006,93
3512,1993,112
3513,2009,97
3514,2007,78
3515,2008,79
3516,2009,78
3517,2007,110
3518,2020,145
3519,1998,139
3520,2007,116
3521,2004,88
3522,2005,118
3523,2010,97
3524,2010,148
3525,2013,122
3526,2015,71
3527,2001,83
3528,2009,123
3529,2001,118
3530,2003,111
3531,2004,137
3532,1996,114
3533,1997,116
3534,1987,109
3535,2010,97
3537,2019,81
3538,1999,189
3539,1983,155
3540,1999,112
3542,2005,101
3543,2009,97
3544,1991,102
3545,2004,91
3547,2006,119
3548,2007,86
3549,1992,117
3550,2018,98
3551,2017,102
3553,2010,97
3554,2015,88
3555,2009,97
3557,2000,88
3558,2012,90
3559,2016,83
3560,1993,107
3561,2000,89
3563,1992,95
3564,1999,85
3565,2002,78
3566,2007,116
3567,1991,88
3568,1990,94
3569,2003,109
3570,2009,115
3571,2005,89
3574,1996,101
3575,1992,112
3576,2005,104
3577,2007,95
3578,2009,82
3579,2009,99
3580,2003,201
3581,2002,179
3582,1998,138
3583,1991,85
3584,1988,85
3585,1984,138
3586,2000,111
3587,1997,124
3588,2002,116
3589,1999,139
3590,1990,96
3591,1995,100
3592,2001,104
3593,2004,101
3594,2015,99
3595,1969,128
3596,2009,110
3597,2000,130
3598,1999,106
3599,1971,100
3600,1994,191
3601,2008,104
3602,2012,110
3603,2007,133
3604,2006,143
3605,2015,111
3606,2001,144
3607,2015,121
3608,2004,99
3609,2003,93
3610,2018,100
3612,2016,102
3613,2008,123
3614,1989,127
3615,1981,116
3616,1984,119
3617,2001,105
3618,2014,134
3619,2017,90
3620,2017,93
3621,2010,93
3622,1998,108
3623,2018,115
3624,2003,119
3625,2012,61
3626,2007,109
3627,2017,97
3628,1994,154
3629,2017,120
3630,2017,148
3631,2003,121
3632,2008,95
3633,1994,102
3634,2016,87
3636,2014,114
3637,2010,48
3638,2002,124
3639,2005,101
3640,2013,126
3641,2010,133
3642,2017,90
3643,2006,91
3644,2017,104
3645,2012,105
3646,2004,123
3647,2017,89
3648,2014,87
3649,2017,91
3650,2014,102
3652,2016,106
3653,2016,102
3654,2017,91
3655,2017,87
3656,2012,103
3657,1994,193
3658,1999,176
3659,2010,124
3660,2017,135
3661,2011,106
3662,2005,133
3663,2017,107
3664,2017,78
3665,1989,192
3666,2017,55
3667,1988,132
3668,2009,148
3669,2012,46
3670,2013,46
3671,2011,46
3672,2014,74
3673,2013,46
3674,2017,50
3675,2016,114
3676,2013,117
3677,2016,108
3679,2017,97
3680,2008,122
3681,2011,115
3682,2017,104
3683,2016,140
3684,2016,101
3685,2009,99
3687,2016,102
3688,1996,94
3689,2017,92
3690,2013,125
3691,2017,82
3693,2006,151
3695,2013,80
3697,2016,97
3698,2007,92
3701,2011,92
3702,2016,85
3704,2015,83
3705,2016,118
3706,2016,84
3707,2010,52
3708,2016,84
3709,2016,146
3712,2015,110
3726,2011,24
3727,2011,46
3728,2011,24
3730,2014,55
3732,2012,24
3733,2012,23
3739,2013,24
3740,2013,24
3742,2006,81
3743,2018,111
3745,2018,96
3746,2018,95
3747,2018,24
3749,2018,97
3750,2016,93
3751,2019,91
3752,2018,118
3753,2019,63
3755,2019,74
3756,2018,136
3758,2017,94
3759,2015,91
3760,2014,79
3761,2013,93
3763,2018,90
3765,2017,54
3766,2018,132
3767,2016,101
3768,2018,65
3770,2017,84
3771,2017,91
3772,2015,94
3775,2019,59
3780,2017,97
3781,2018,102
3782,2017,93
3783,2016,73
3784,2015,88
3785,2015,109
3786,2016,68
3787,2012,105
3788,2016,93
3789,2015,72
3792,2017,78
3793,2014,86
3794,2018,66
3795,2016,106
3796,2018,125
3797,2016,77
3798,2017,87
3799,2017,110
3800,2015,110
3801,2017,71
3802,2016,108
3803,2015,130
3804,2015,119
3805,2014,110
3806,2017,120
3807,2018,102
3808,2013,125
3809,2013,103
3810,2013,127
3811,2017,121
3812,2018,101
3813,2014,113
3814,2015,118
3815,2012,132
3816,2008,106
3818,2009,116
3819,2015,117
3820,2018,69
3821,2018,67
3822,2016,123
3823,2015,83
3824,2011,90
3825,2006,61
3826,2017,92
3827,2017,96
3828,2016,92
3829,2017,85
3830,2015,97
3831,2016,101
3832,2014,103
3833,2013,90
3834,2014,107
3835,2018,80
3836,2017,105
3838,2015,99
3840,2013,58
3841,2014,58
3842,2013,56
3843,2017,97
3846,2015,74
3847,2018,110
3849,2018,127
3853,2016,100
3854,2016,98
3855,2016,70
3856,2019,117
3857,2019,89
3858,2019,84
3859,2018,131
3860,2014,91
3861,2013,103
3862,2016,100
3866,2016,75
3868,2013,54
3869,2013,54
3870,2014,55
3871,2013,54
3872,2013,55
3874,2018,139
3875,2018,103
3876,2017,109
3877,2012,150
3878,2017,100
3879,2017,67
3880,2011,76
3881,2001,42
3882,2017,79
3883,2016,73
3884,2017,93
3885,2016,129
3886,2018,84
3887,2018,91
3888,2017,93
3890,2018,91
3893,2018,53
3894,2017,116
3895,2017,102
3896,2016,94
3897,2018,90
3898,2011,88
3900,2017,91
3901,2017,87
3902,2017,134
3903,2017,118
3905,2016,105
3906,2016,78
3907,2016,99
3909,2016,96
3910,2012,44
3911,2012,43
3912,2018,96
3914,2017,85
3916,2014,95
3917,2016,87
3919,2016,134
3920,2016,119
3921,2016,128
3922,2015,114
3923,2018,99
3924,2017,89
3925,2018,60
3927,2018,96
3929,2008,128
3930,2016,91
3931,2013,72
3932,2016,103
3933,2017,127
3934,2017,113
3935,2018,111
3936,2017,112
3937,2018,96
3938,2012,103
3939,2017,104
3940,2004,102
3941,2018,86
3942,2012,97
3945,2017,111
3946,2018,132
3947,2018,89
3948,2018,102
3949,2006,120
3950,2002,137
3952,2018,82
3953,2017,85
3956,2008,115
3957,2016,107
3958,2018,130
3959,2016,133
3960,2015,118
3961,2011,150
3962,2006,132
3963,2011,121
3965,2013,127
3967,2007,152
3968,2005,126
3969,2009,104
3970,2012,162
3971,2009,120
3972,2015,109
3973,2015,79
3974,2016,88
3976,2010,107
3978,2016,92
3979,2015,88
3980,2014,100
3982,2017,57
3983,2019,62
3984,2018,65
3985,2018,133
3987,2017,71
3988,2017,64
3989,2016,83
3991,2015,95
3992,2009,112
3993,2017,110
3994,2015,29
3995,2018,26
3996,2015,102
3997,2014,124
3998,2018,93
3999,2016,123
4001,2016,97
4002,2017,96
4003,1977,150
4005,2016,84
4006,2002,101
4009,2000,110
4011,2010,82
4012,2018,100
4013,2016,52
4014,2019,51
4015,2015,127
4017,2017,86
4018,2017,107
4020,2014,22
4022,2018,22
4023,2017,22
4024,2016,44
4026,2018,91
4028,2009,99
4030,2016,105
4037,2016,105
4039,2018,88
4040,2018,128
4041,2019,24
4042,2019,113
4043,2017,52
4044,2016,50
4046,2015,49
4047,2017,81
4048,2005,93
4049,2016,97
4050,2016,94
4051,2017,90
4052,2017,110
4053,2017,88
4054,2017,80
4055,2017,86
4057,2016,143
4058,2013,84
4059,2016,42
4060,2017,117
4061,2016,96
4064,2017,78
4066,2015,116
4067,2015,154
4068,2015,90
4069,2014,179
4070,2015,93
4071,2016,97
4072,2015,80
4073,2015,88
4074,2016,99
4075,2016,104
4076,2016,94
4078,1990,77
4080,2016,111
4081,2016,108
4082,2014,92
4085,2019,29
4086,2017,92
4087,2018,85
4090,2015,38
4091,2016,108
4093,2015,74
4094,2010,93
4095,2019,172
4096,2008,75
4097,2013,90
4098,2011,105
4099,2003,124
4100,2002,110
4101,2011,102
4102,2010,102
4103,2017,89
4104,1986,162
4105,2008,147
4106,2001,224
4107,2000,137
4108,2010,109
4109,1991,163
4110,2007,162
4111,2016,104
4112,2016,90
4114,2016,97
4116,2009,108
4117,2019,97
4118,2018,96
4120,2018,110
4121,2018,58
4122,2018,105
4124,2018,59
4125,2018,28
4126,2018,98
4127,2006,91
4129,2017,108
4130,2017,107
4132,2019,137
4133,2017,106
4134,2017,115
4135,2019,46
4138,2011,120
4142,2016,92
4143,2017,93
4145,2010,111
4146,2017,27
4147,2016,81
4148,2016,70
4149,2016,62
4150,2016,104
4151,2019,85
4153,2019,24
4155,2018,116
4158,2017,67
4159,2016,97
4160,2014,81
4161,2019,109
4164,2018,106
4165,2018,63
4166,2017,109
4167,2016,99
4168,2015,57
4169,2003,121
4170,2011,164
4171,2019,110
4172,2017,99
4173,2006,122
4174,2019,85
4175,1977,172
4176,2007,134
4178,2009,95
4179,1972,125
4180,1982,121
4181,2019,90
4182,2006,151
4183,2003,114
4184,1973,168
4185,2002,132
4186,2000,132
4187,1988,87
4188,1975,127
4189,2006,97
4190,2007,128
4191,2002,133
4192,1978,158
4193,2002,151
4194,1990,163
4195,1997,161
4196,1979,137
4197,1995,130
4198,2006,148
4199,2001,124
4200,1976,156
4201,2019,89
4202,2006,163
4203,2009,132
4204,1960,181
4205,2013,125
4206,1997,133
4207,1981,173
4208,1982,140
4209,1980,120
4210,1972,115
4211,2017,126
4212,2005,137
4213,1983,138
4214,2004,158
4215,1982,171
4216,2018,108
4217,2017,96
4220,1974,104
4221,1985,178
4222,2005,154
4223,1984,114
4224,2010,136
4225,1982,118
4226,1983,137
4227,1964,228
4228,1982,153
4229,1990,168
4230,1977,123
4231,2018,121
4232,1979,161
4234,1999,128
4235,1997,119
4236,2007,130
4237,1985,134
4238,2017,105
4239,2018,130
4240,2018,113
4242,2014,131
4243,1991,28
4244,2015,34
4245,1992,61
4246,1993,56
4247,1989,81
4250,2013,68
4251,2008,58
4253,2016,100
4254,1987,50
4255,1991,49
4256,1991,71
4257,2016,29
4258,2018,108
4260,2018,125
4261,2018,72
4262,2018,100
4263,1990,30
4264,1991,30
4265,2011,146
4266,2008,127
4267,2012,46
4268,2011,57
4270,2017,85
4271,2017,86
4274,2014,93
4275,2016,49
4276,2017,82
4278,2017,100
4280,2012,55
4284,2010,53
4285,2017,87
4286,2016,93
4287,2016,97
4290,2018,87
4291,2015,90
4293,2016,86
4294,2016,102
4296,2019,46
4297,2019,56
4298,2016,98
4299,2019,108
4301,2018,88
4302,2015,96
4303,2012,84
4304,2012,116
4307,2010,112
4308,2017,105
4311,2013,130
4312,2019,120
4313,2018,122
4314,2017,97
4315,2018,312
4317,2012,109
4319,2016,122
4320,2012,116
4322,2018,73
4323,2018,96
4324,2016,90
4325,2015,101
4326,2013,102
4327,2018,73
4330,2019,86
4331,2018,103
4332,2018,91
4333,2017,106
4334,2012,89
4338,2019,79
4340,2014,110
4341,2016,115
4343,2017,91
4344,2017,61
4345,2017,94
4350,2015,29
4351,2019,97
4352,2017,91
4353,2019,96
4354,2019,103
4355,2017,95
4356,2019,83
4357,2018,150
4358,2015,90
4359,2017,93
4362,2013,75
4364,2019,117
4365,2019,70
4370,2017,89
4372,2017,80
4374,2016,93
4375,2016,62
4376,2016,98
4377,2019,90
4379,2018,93
4380,2016,105
4383,2017,118
4384,2004,141
4385,2019,86
4386,2017,86
4388,2018,105
4389,2018,124
4396,2018,105
4397,2018,44
4398,2018,91
4400,2017,94
4401,2016,92
4402,2015,60
4403,2015,60
4405,2014,113
4406,2018,82
4407,2015,141
4408,2015,107
4409,2019,126
4411,2018,95
4412,2011,78
4413,2018,22
4415,2012,95
4416,2015,82
4417,2014,89
4418,2017,84
4420,2016,103
4421,2016,22
4422,2015,115
4423,2016,88
4424,2003,87
4425,2013,78
4426,2013,73
4427,2010,72
4430,2018,155
4431,2015,119
4432,2017,142
4433,2017,78
4434,2016,112
4436,2016,90
4437,2016,88
4439,2019,25
4441,2018,90
4442,2017,85
4443,2017,69
4445,2016,100
4446,2017,85
4447,2016,86
4448,2016,94
4449,2014,26
4453,2017,94
4454,2017,97
4455,2015,60
4456,1988,48
4457,2019,63
4458,2018,85
4459,2018,29
4460,2014,96
4461,2015,47
4462,2014,73
4463,2010,119
4464,2018,136
4465,2015,120
4466,2017,101
4467,2018,137
4469,2014,27
4471,2014,112
4472,2014,112
4473,2011,107
4474,2018,153
4475,2014,123
4476,2017,129
4478,2016,105
4481,2016,88
4482,2016,88
4483,2016,86
4484,2016,110
4485,2015,134
4489,2001,185
4490,2015,174
4491,2006,169
4492,2011,148
4493,2013,135
4494,2011,135
4496,2019,89
4497,2007,119
4498,2017,81
4499,2017,98
4500,2010,135
4501,2004,185
4502,2009,156
4503,2017,104
4504,2008,139
4505,1998,77
4507,2012,140
4508,2001,60
4509,2018,65
4510,2011,154
4513,2018,90
4515,2017,84
4517,2018,78
4518,2018,79
4519,2018,73
4520,2018,83
4521,2017,83
4523,2015,87
4524,2018,145
4526,2008,143
4530,2015,90
4531,2016,92
4532,2015,81
4534,2017,105
4535,2016,91
4536,2017,111
4538,2015,103
4539,2016,118
4540,2016,148
4541,2017,88
4542,2017,75
4543,2017,89
4544,2017,128
4545,2017,86
4546,2013,83
4547,2015,109
4548,1999,111
4549,2017,40
4551,2015,93
4554,2015,98
4555,2015,29
4565,2016,88
4567,2015,93
4568,2015,70
4569,2015,77
4572,2018,135
4573,2018,109
4578,2016,81
4579,2019,129
4580,2016,99
4581,2017,100
4582,2016,110
4583,2018,107
4584,2012,94
4585,2019,95
4586,2018,89
4588,2019,65
4590,2018,35
4591,2017,70
4592,2016,108
4593,2016,106
4594,2017,106
4595,2013,83
4596,2016,31
4597,2014,103
4598,2013,100
4599,2019,143
4600,2015,86
4601,2018,68
4603,2016,81
4604,2017,94
4605,2016,83
4606,2015,120
4607,2017,101
4608,2019,60
4609,2016,107
4610,2016,110
4611,2017,86
4614,2016,73
4615,2019,86
4616,1998,82
4617,2002,94
4618,1997,90
4619,1999,95
4620,2019,127
4621,2014,93
4622,2019,94
4623,2019,120
4624,2005,117
4625,2019,108
4626,2017,135
4627,2016,111
4628,2017,134
4629,2002,104
4631,1996,131
4632,2018,137
4633,2012,86
4635,2017,93
4636,2019,103
4637,2005,93
4639,2006,151
4640,2017,104
4641,2017,133
4642,2019,95
4643,2015,126
4645,2011,122
4646,2009,87
4647,2018,73
4648,2018,98
4650,2013,130
4651,2018,99
4652,2014,105
4653,2014,110
4654,2018,81
4655,2011,115
4656,2014,113
4657,2015,146
4659,2015,118
4660,2004,122
4661,2016,109
4663,2018,68
4664,2009,117
4666,2018,23
4667,2010,95
4668,2017,124
4669,2017,90
4670,2013,96
4671,2008,96
4672,2008,123
4673,2018,85
4674,2017,26
4676,2017,123
4679,2017,113
4680,2017,92
4681,2017,46
4682,2015,124
4683,2017,81
4684,2010,97
4686,2017,81
4687,2017,119
4690,1980,149
4691,2013,106
4692,2015,140
4693,2012,121
4695,2017,87
4696,2016,99
4697,2017,96
4699,2016,56
4700,2014,89
4701,2013,24
4702,2015,100
4707,2015,116
4710,2015,101
4712,2016,92
4714,1979,79
4715,2016,67
4717,2016,72
4718,2016,96
4720,2015,72
4721,2015,78
4722,2010,26
4723,2019,66
4724,2018,107
4725,2019,46
4730,2019,96
4731,2018,104
4732,2018,92
4733,2017,88
4736,2011,91
4743,2018,80
4744,2018,103
4749,1992,62
4750,2019,117
4751,2019,76
4752,2016,67
4753,2017,165
4754,2017,166
4755,2017,166
4756,2015,159
4757,2015,160
4758,2015,159
4759,2014,93
4760,2016,95
4761,2015,114
4762,2015,67
4763,2014,77
4764,2018,84
4765,2018,105
4766,2016,63
4767,2014,22
4768,2015,22
4769,2017,94
4770,2017,99
4771,2019,59
4772,2017,102
4774,2016,105
4775,2016,101
4776,2016,124
4777,2016,100
4778,2016,73
4779,2016,107
4780,2014,90
4781,2014,143
4782,2016,127
4783,2018,100
4784,2018,74
4785,2017,54
4787,2017,121
4788,2017,103
4792,2013,135
4794,1992,95
4796,1984,93
4797,2018,101
4800,2015,96
4801,2019,84
4803,2018,91
4804,2019,102
4809,2018,100
4810,2018,98
4811,2017,81
4814,2018,104
4816,2017,129
4817,2019,81
4818,2019,98
4819,2019,110
4820,2013,106
4822,2013,90
4823,2017,95
4824,2017,57
4825,2019,85
4826,2014,112
4827,2017,141
4828,2017,120
4829,2017,140
4830,2015,92
4831,2018,87
4833,2016,81
4834,2019,66
4835,2014,99
4836,2016,98
4837,2016,95
4838,2013,180
4839,2016,75
4840,2016,92
4841,2018,92
4842,2013,86
4843,1998,104
4844,2001,100
4845,2012,50
4846,2013,124
4847,2015,105
4848,2017,116
4849,2017,100
4850,2016,95
4851,2015,90
4853,2016,92
4854,2019,91
4855,2018,57
4859,1998,31
4861,2018,90
4864,2017,96
4865,2019,133
4866,2018,135
4867,2019,120
4869,2019,118
4870,2013,123
4872,2006,196
4873,2017,93
4874,2017,70
4876,2017,51
4877,2016,94
4878,2019,110
4879,2019,98
4880,2019,98
4881,2019,98
4883,2018,104
4884,2017,110
4885,2017,162
4886,2017,139
4887,2018,130
4888,2017,145
4889,2016,83
4891,2013,92
4892,2015,88
4893,2017,104
4894,2002,167
4895,2019,63
4896,2019,52
4898,2016,104
4899,2015,114
4902,2012,145
4903,2019,84
4904,1995,102
4905,2019,101
4906,2019,116
4907,2011,148
4908,2011,127
4909,2013,96
4910,2016,82
4911,2008,158
4912,2016,124
4913,2000,163
4914,2018,74
4915,2010,121
4916,2014,154
4917,2014,127
4918,2010,128
4919,2012,98
4920,2006,124
4921,2009,109
4922,2016,168
4923,1983,89
4924,2010,162
4925,2006,159
4926,2012,137
4927,2015,133
4928,2010,125
4929,2012,127
4930,2011,131
4931,2005,90
4932,2011,81
4933,2016,88
4934,2013,91
4935,2015,91
4936,2016,104
4937,2016,124
4939,2016,80
4940,2018,102
4941,2018,95
4944,2011,113
4945,2017,124
4947,2018,33
4948,2017,119
4950,2017,114
4951,2018,100
4953,2018,54
4954,2017,96
4961,2019,95
4963,2019,72
4964,2015,117
4965,2019,100
4966,2019,24
4968,2019,86
4970,2018,150
4971,1992,108
4972,1985,90
4973,1982,101
4974,1997,104
4975,1990,88
4976,1994,93
4977,1995,79
4978,1981,92
4979,1986,90
4980,1984,86
4981,2001,90
4982,2012,103
4983,1984,86
4984,1988,108
4985,1980,97
4986,2002,92
4987,1980,101
4988,1993,83
4989,1993,85
4990,1985,85
4991,2014,106
4993,2019,112
4995,2019,69
4996,2018,86
4997,2015,131
4998,2015,105
4999,2017,134
5000,2018,85
5003,2009,203
5005,2017,101
5006,2017,63
5007,2015,56
5008,2011,92
5010,2015,91
5011,2015,94
5013,2015,99
5014,2005,79
5015,2015,66
5016,2010,46
5017,2014,94
5019,2019,119
5024,2017,94
5025,2015,62
5026,2019,123
5027,2019,93
5028,2018,109
5030,2019,97
5031,2016,82
5032,2017,100
5033,2015,90
5035,2017,90
5036,2015,71
5037,2017,97
5038,2005,72
5039,2009,71
5040,2012,77
5041,2014,70
5045,2018,120
5046,2013,91
5047,2018,124
5048,2018,95
5049,2018,12
5050,2016,89
5051,2015,83
5052,2016,98
5053,2017,92
5054,2009,164
5055,2018,87
5056,2016,90
5057,2010,106
5058,2003,116
5059,2004,134
5060,2012,133
5061,1994,118
5062,2013,120
5063,1997,154
5064,2015,128
5066,2015,115
5067,2018,177
5068,2015,105
5069,2002,112
5071,1976,120
5072,1979,119
5073,1982,100
5074,1985,92
5075,1990,104
5076,2005,97
5077,2018,88
5079,2003,128
5080,2000,130
5082,1995,108
5083,2016,98
5084,2018,89
5085,1997,89
5087,2018,88
5088,1992,125
5089,2012,88
5090,1989,94
5091,2018,83
5092,1997,89
5093,2017,118
5094,2005,109
5095,2017,87
5096,2017,105
5097,2010,79
5098,2017,133
5099,2017,147
5100,1983,92
5102,2010,103
5103,2013,119
5104,2017,80
5105,2017,110
5106,2017,128
5107,2017,88
5108,2018,86
5109,2018,70
5110,2018,66
5111,2018,72
5112,2017,122
5113,2015,117
5114,2008,98
5115,2017,126
5116,2018,115
5119,2015,86
5120,2009,108
5121,2001,94
5122,2017,151
5123,2015,89
5124,2016,92
5125,2017,111
5126,2016,92
5128,2016,91
5131,2012,172
5132,2016,45
5138,2016,95
5141,2016,80
5145,2017,67
5147,2016,84
5148,2016,97
5150,2016,86
5151,2016,59
5153,2016,58
5154,2016,47
5155,2015,114
5158,2016,86
5161,1994,63
5164,2016,44
5165,2015,128
5166,2016,51
5167,2008,45
5173,2008,46
5177,2013,94
5178,2018,89
5180,2016,94
5181,2015,116
5182,2018,131
5183,2018,136
5184,2017,106
5185,2017,119
5186,2016,82
5188,2019,170
5190,2017,93
5191,2016,84
5192,2016,85
5193,2016,110
5194,2017,89
5195,2018,91
5196,2015,128
5197,2018,75
5198,2018,96
5199,2017,95
5200,2018,32
5201,2018,70
5202,2017,94
5203,2016,117
5204,2018,78
5206,2016,76
5207,2019,88
5208,2019,97
5210,2018,110
5212,2019,170
5213,2018,92
5216,2019,94
5218,2019,92
5219,2017,100
5220,2018,91
5223,2015,115
5224,2011,122
5225,2016,107
5226,2016,109
5227,2016,104
5228,2014,95
5229,2017,110
5230,2016,100
5231,2017,93
5232,2005,104
5233,2014,134
5234,2017,74
5235,2019,92
5237,2019,64
5243,2017,72
5245,2005,112
5247,2017,115
5248,2017,92
5249,2010,113
5250,2019,59
5251,2018,126
5253,2018,75
5254,2018,100
5255,2017,105
5256,2018,148
5257,2016,110
5258,2018,119
5259,2016,101
5260,2016,91
5261,2015,107
5262,2014,91
5263,2017,81
5266,2017,53
5267,2017,95
5270,2016,163
5272,2018,93
5274,2017,95
5278,2018,105
5279,2018,117
5282,2011,125
5283,2012,87
5285,2012,96
5286,2019,91
5287,2019,122
5288,2018,125
5289,2019,49
5290,2011,95
5292,2012,99
5293,2018,66
5294,2017,110
5295,2015,95
5296,2012,98
5297,2018,98
5298,2018,90
5299,2011,97
5300,2012,97
5301,2018,86
5302,2011,114
5304,2009,96
5305,2017,97
5306,2018,78
5307,2018,102
5308,2016,149
5309,2016,106
5310,2016,108
5311,2017,66
5312,2014,99
5313,2013,99
5314,2017,88
5315,2018,62
5316,2017,90
5318,2019,66
5320,2013,54
5321,2013,55
5322,2014,55
5323,2014,55
5324,2014,55
5325,2015,74
5326,2016,66
5331,2018,70
5334,2017,113
5335,2017,83
5336,2018,168
5337,2019,98
5338,2018,89
5342,2018,97
5343,2018,105
5344,2018,79
5345,2012,76
5346,2016,86
5347,2019,120
5348,2015,76
5349,2019,60
5351,2014,103
5352,2015,101
5353,2012,100
5354,2018,90
5355,2019,77
5356,2016,100
5359,2019,102
5362,2014,98
5363,2019,92
5364,2018,116
5365,2019,111
5366,2017,90
5368,2017,129
5369,2017,53
5370,2017,102
5371,2016,91
5372,2016,99
5373,2013,99
5374,2014,99
5375,2015,98
5376,2014,73
5377,2016,92
5379,2017,95
5380,2017,50
5381,2014,113
5382,2015,153
5383,2018,81
5384,2019,54
5385,2019,138
5389,2015,84
5390,2013,93
5391,2013,123
5392,2007,96
5393,2018,101
5394,2019,59
5395,2019,53
5396,2009,109
5397,2016,77
5398,2014,97
5400,2001,102
5401,2005,141
5402,2018,95
5403,2003,111
5404,2003,131
5405,2003,116
5406,2018,119
5407,2005,146
5408,2016,101
5409,2018,82
5410,2017,107
5411,1983,69
5412,2010,87
5413,2015,91
5414,2015,92
5417,2014,97
5418,2014,105
5419,2016,107
5424,2017,99
5425,2016,101
5426,2015,95
5427,2016,127
5428,2015,86
5429,2013,35
5430,2018,90
5431,2018,87
5432,2009,99
5433,2016,81
5434,2016,92
5435,2017,131
5436,2016,111
5437,2014,104
5438,2016,99
5439,2019,95
5440,2019,94
5442,2018,105
5443,2018,99
5446,2016,129
5447,2017,94
5448,2018,103
5449,2014,133
5450,2013,135
5451,2019,61
5452,2013,85
5455,2019,91
5456,2017,108
5457,2016,101
5458,2013,71
5461,2016,96
5462,2018,105
5463,2019,59
5464,2019,91
5466,2018,66
5467,2017,85
5469,2019,118
5470,2015,88
5471,2018,55
5472,2011,110
5473,2007,113
5474,2008,110
5475,2016,94
5476,2018,54
5477,2018,53
5480,2016,103
5482,2007,126
5484,2006,89
5485,2018,124
5487,2009,128
5488,2001,88
5489,2003,83
5491,2017,96
5494,2016,118
5495,2017,91
5496,2015,91
5497,2018,53
5499,2007,103
5500,2016,104
5501,1993,101
5502,2017,96
5503,1986,80
5504,1991,75
5505,1999,75
5506,2000,79
5507,1995,78
5508,2001,75
5509,2004,78
5510,1995,166
5512,2017,90
5513,2009,132
5515,1993,91
5516,1989,117
5517,2015,103
5518,2015,100
5519,2002,176
5520,2018,91
5522,2017,49
5523,2016,97
5524,1995,116
5525,2016,90
5526,2012,60
5527,2000,149
5530,2017,86
5531,2004,171
5532,2017,103
5533,2016,116
5534,2007,169
5535,2005,134
5536,2000,159
5537,2010,130
5539,2017,103
5540,2016,173
5541,1993,195
5542,2015,111
5543,2007,99
5544,2008,110
5545,2016,32
5546,2016,94
5549,2013,98
5550,2016,74
5552,2012,156
5553,2016,88
5554,2016,70
5555,2016,88
5556,2016,93
5557,1971,143
5559,2015,83
5560,2017,90
5562,2014,107
5563,2016,93
5564,2010,99
5568,1975,134
5570,2016,77
5571,2017,78
5572,2016,101
5573,2013,53
5574,2016,81
5575,2016,106
5577,2007,70
5578,2015,102
5579,2014,88
5580,2015,109
6231,2016,60
